{"RuleTriggered": 0, "Violations": 0, "Details": {"pin_memory": false, "num_workers": 0, "cores": 2, "dataloaders": 1, "dataloading_time": {"p25": 0.06357175000000001, "p50": 0.06636700000000001, "p95": 0.08560644999999999, "probs": [1, 1, 1, 0, 0, 0, 0, 1, 0, 1, 0, 0, 0, 0, 0, 1, 0, 0, 0, 0, 0, 0, 0, 0, 0, 0, 1, 1, 0, 0, 0, 0, 0, 0, 0, 0, 0, 0, 0, 0, 0, 0, 0, 0, 0, 0, 0, 1, 0, 0, 0, 0, 0, 0, 0, 0, 0, 0, 0, 0, 0, 0, 0, 0, 0, 0, 0, 0, 0, 0, 0, 0, 0, 0, 0, 0, 0, 0, 0, 0, 0, 0, 0, 0, 0, 0, 0, 0, 0, 0, 0, 0, 0, 0, 0, 0, 0, 0, 0, 1], "binedges": [0.062516, 0.06281836, 0.06312072, 0.06342308, 0.06372544000000001, 0.0640278, 0.06433016, 0.06463252, 0.06493488, 0.06523724, 0.0655396, 0.06584196, 0.06614432, 0.06644668000000001, 0.06674904000000001, 0.0670514, 0.06735376, 0.06765612, 0.06795848, 0.06826084, 0.0685632, 0.06886556, 0.06916792000000001, 0.06947028, 0.06977264, 0.070075, 0.07037736, 0.07067972, 0.07098208, 0.07128444, 0.0715868, 0.07188916000000001, 0.07219152000000001, 0.07249388, 0.07279624, 0.0730986, 0.07340096, 0.07370332, 0.07400568, 0.07430804, 0.07461040000000001, 0.07491276, 0.07521512, 0.07551748, 0.07581984, 0.0761222, 0.07642456, 0.07672692, 0.07702928, 0.07733164000000001, 0.07763400000000001, 0.07793636, 0.07823872, 0.07854108, 0.07884344, 0.0791458, 0.07944816, 0.07975052, 0.08005288, 0.08035524, 0.0806576, 0.08095996, 0.08126232, 0.08156468, 0.08186704, 0.0821694, 0.08247176, 0.08277412, 0.08307648000000001, 0.08337884000000001, 0.0836812, 0.08398356, 0.08428592, 0.08458828, 0.08489064, 0.085193, 0.08549536, 0.08579772, 0.08610008, 0.08640244, 0.0867048, 0.08700716, 0.08730952, 0.08761188, 0.08791424, 0.0882166, 0.08851896000000001, 0.08882132000000001, 0.08912368000000001, 0.08942604, 0.0897284, 0.09003076, 0.09033312, 0.09063548, 0.09093784, 0.0912402, 0.09154256, 0.09184492, 0.09214728, 0.09244964, 0.092752]}}, "Datapoints": 10, "RuleParameters": "min_threshold:70\nmax_threshold:200"}