{"RuleTriggered": 0, "Violations": 0, "Details": {"pin_memory": false, "num_workers": 0, "cores": 2, "dataloaders": 1, "dataloading_time": {"p25": 0.063189, "p50": 0.0641555, "p95": 0.08941684999999999, "probs": [1, 0, 1, 0, 1, 1, 1, 0, 0, 1, 0, 0, 0, 1, 0, 0, 0, 0, 0, 1, 0, 0, 0, 0, 0, 0, 0, 0, 0, 0, 0, 0, 0, 0, 0, 0, 0, 0, 0, 0, 0, 0, 0, 0, 0, 0, 0, 0, 0, 0, 0, 0, 0, 0, 0, 0, 0, 0, 0, 0, 0, 0, 0, 0, 0, 1, 0, 0, 0, 0, 0, 0, 0, 0, 0, 0, 0, 0, 0, 0, 0, 0, 0, 0, 0, 0, 0, 0, 0, 0, 0, 0, 0, 0, 0, 0, 0, 0, 0, 1], "binedges": [0.061585, 0.06191366, 0.062242320000000004, 0.06257098, 0.06289964, 0.0632283, 0.06355696, 0.06388562, 0.06421428, 0.06454294, 0.0648716, 0.06520026, 0.06552892, 0.06585758, 0.06618624000000001, 0.0665149, 0.06684356, 0.06717222, 0.06750088, 0.06782954, 0.0681582, 0.06848686, 0.06881552, 0.06914418, 0.06947284, 0.0698015, 0.07013016, 0.07045882, 0.07078748, 0.07111614, 0.0714448, 0.07177346, 0.07210211999999999, 0.07243078, 0.07275944, 0.0730881, 0.07341676, 0.07374542, 0.07407408, 0.07440274, 0.0747314, 0.07506006, 0.07538871999999999, 0.07571738, 0.07604604, 0.0763747, 0.07670336, 0.07703201999999999, 0.07736068, 0.07768934, 0.078018, 0.07834666, 0.07867531999999999, 0.07900398, 0.07933264, 0.07966129999999999, 0.07998996, 0.08031862, 0.08064728, 0.08097594, 0.0813046, 0.08163326, 0.08196192, 0.08229058, 0.08261924, 0.08294789999999999, 0.08327656, 0.08360522, 0.08393387999999999, 0.08426254, 0.08459119999999999, 0.08491986, 0.08524852, 0.08557718, 0.08590584, 0.08623449999999999, 0.08656316, 0.08689182, 0.08722047999999999, 0.08754914, 0.08787779999999999, 0.08820646, 0.08853512, 0.08886378, 0.08919244, 0.08952109999999999, 0.08984976, 0.09017842, 0.09050707999999999, 0.09083574, 0.09116439999999999, 0.09149305999999999, 0.09182172, 0.09215037999999999, 0.09247904, 0.09280769999999999, 0.09313636, 0.09346502, 0.09379367999999999, 0.09412234, 0.094451]}}, "Datapoints": 10, "RuleParameters": "min_threshold:70\nmax_threshold:200"}