{"RuleTriggered": 0, "Violations": 0, "Details": {"step_num": {"first": 1645281889336138, "last": 1645288979177250}, "job_start": 1645281810.528556, "job_end": 1645288979.52935}, "Datapoints": 4178, "RuleParameters": "threshold:20"}