{"RuleTriggered": 0, "Violations": 0, "Details": {"ratio": {"cpu_functions": 100.0}, "phase": {"Step:ModeKeys.TRAIN": 81.15750128935453, "others": -0.1559181417724256, "Step:ModeKeys.EVAL": 18.998416852417897}, "phase_time": {}, "CPU": {"aten::conv2d": 18.800979221536192, "aten::convolution": 18.799174799717413, "aten::_convolution": 18.797499158211018, "aten::mkldnn_convolution": 18.793262884912, "aten::batch_norm": 6.579347225774081, "aten::_batch_norm_impl_index": 6.574616795462454, "aten::native_batch_norm": 6.57180309538156, "aten::max_pool2d": 2.5437301253418783, "aten::max_pool2d_with_indices": 2.5395866936634133}, "CPU_total": {"aten::conv2d": 12555368, "aten::convolution": 12554163, "aten::_convolution": 12553044, "aten::mkldnn_convolution": 12550215, "aten::batch_norm": 4393714, "aten::_batch_norm_impl_index": 4390555, "aten::native_batch_norm": 4388676, "aten::max_pool2d": 1698713, "aten::max_pool2d_with_indices": 1695946}, "general": {"DataLoaderIterInitialize": 6.352583125044173e-05, "DataLoaderIter": 0.009800489779324231, "Forward": 99.99013598438943}}, "Datapoints": 0, "RuleParameters": ""}