{"RuleTriggered": 0, "Violations": 0, "Details": {"ratio": {"cpu_functions": 100.0}, "CPU": {"aten::conv2d": 18.728448728400622, "aten::convolution": 18.72639323574935, "aten::_convolution": 18.724545430319907, "aten::mkldnn_convolution": 18.71941891558713, "aten::batch_norm": 6.443960299060436, "aten::_batch_norm_impl_index": 6.440102814337473, "aten::native_batch_norm": 6.437008885577092, "aten::max_pool2d": 2.8959295366123934, "aten::max_pool2d_with_indices": 2.884192154355586}, "CPU_total": {"aten::conv2d": 12263966, "aten::convolution": 12262620, "aten::_convolution": 12261410, "aten::mkldnn_convolution": 12258053, "aten::batch_norm": 4219704, "aten::_batch_norm_impl_index": 4217178, "aten::native_batch_norm": 4215152, "aten::max_pool2d": 1896344, "aten::max_pool2d_with_indices": 1888658}, "phase": {"Step:ModeKeys.TRAIN": 101.1380937055955, "others": -1.1380937055955003}, "phase_time": {}, "general": {"DataLoaderIterInitialize": 5.752843576614737e-05, "DataLoaderIter": 0.008916120013550478, "Forward": 99.99102635155069}}, "Datapoints": 0, "RuleParameters": ""}