{"RuleTriggered": 122, "Violations": 10430, "Details": {"step_details": {"algo-1-27": {"step_stats": {"mean": 2.183554840146603, "max": 10.642684, "p99": 6.730092879999995, "p95": 5.687841799999998, "p50": 1.745081, "min": 0.826514}, "number_of_outliers": 87, "phase": "Step:ModeKeys.TRAIN", "stddev": 1.27, "probs": [1, 0, 0, 0, 1, 0, 0, 0, 0, 0, 0, 0, 0, 0, 0, 383, 625, 991, 375, 226, 167, 83, 84, 48, 56, 26, 18, 16, 9, 16, 24, 18, 13, 12, 6, 2, 3, 1, 5, 1, 0, 0, 0, 0, 0, 0, 0, 0, 0, 0, 0, 0, 0, 0, 0, 0, 0, 0, 0, 0, 0, 0, 0, 0, 0, 0, 0, 0, 0, 0, 0, 0, 0, 0, 0, 0, 0, 0, 0, 0, 1, 0, 0, 0, 0, 0, 0, 0, 0, 1, 10, 37, 46, 50, 26, 27, 19, 18, 9, 6], "binedges": [0.826514, 0.87802383, 0.9295336599999999, 0.98104349, 1.0325533199999999, 1.08406315, 1.13557298, 1.18708281, 1.23859264, 1.29010247, 1.3416123, 1.39312213, 1.44463196, 1.4961417899999998, 1.54765162, 1.59916145, 1.65067128, 1.70218111, 1.7536909399999998, 1.80520077, 1.8567106, 1.9082204299999999, 1.95973026, 2.0112400900000003, 2.06274992, 2.11425975, 2.16576958, 2.2172794099999997, 2.2687892400000003, 2.32029907, 2.3718089, 2.42331873, 2.4748285599999997, 2.5263383900000003, 2.57784822, 2.62935805, 2.68086788, 2.7323777099999997, 2.7838875400000003, 2.83539737, 2.8869072, 2.93841703, 2.9899268599999997, 3.04143669, 3.09294652, 3.14445635, 3.19596618, 3.2474760099999997, 3.29898584, 3.35049567, 3.4020055, 3.45351533, 3.5050251599999998, 3.55653499, 3.60804482, 3.65955465, 3.71106448, 3.7625743099999998, 3.81408414, 3.86559397, 3.9171038, 3.96861363, 4.02012346, 4.071633289999999, 4.12314312, 4.1746529500000005, 4.22616278, 4.27767261, 4.32918244, 4.38069227, 4.4322021, 4.48371193, 4.53522176, 4.586731589999999, 4.63824142, 4.6897512500000005, 4.74126108, 4.79277091, 4.84428074, 4.895790569999999, 4.9473004, 4.99881023, 5.050320060000001, 5.101829889999999, 5.15333972, 5.2048495500000005, 5.256359379999999, 5.30786921, 5.35937904, 5.410888869999999, 5.4623987, 5.51390853, 5.565418360000001, 5.616928189999999, 5.66843802, 5.7199478500000005, 5.771457679999999, 5.82296751, 5.87447734, 5.925987169999999, 5.977497], "step_numbers": ["1", "1", "2", "3", "4", "5", "6", "7", "7", "8", "9", "1563", "1568", "1576", "1578", "1588", "1588", "1598", "1598", "1608", "1608", "1609", "1618", "1618", "1619", "1628", "1628", "1629", "1638", "1638", "1639", "1648", "1648", "1649", "1659", "3230", "3232", "3232", "3233", "3242", "3242", "3250", "3252", "3262", "3272", "3272", "3282", "3282", "3292", "3301", "3301", "3302", "3305", "3311", "3311", "3312", "3322", "3324", "3331", "3331", "3332", "3341", "3341", "3342", "3349", "3351", "3351", "3352", "3361", "3361", "3362", "3371", "3371", "3372", "3381", "3381", "3382", "3391", "3391", "3392", "3398", "3401", "3401", "3402", "3411", "3411", "3421"]}}, "ratio": {}, "phase": {"Step:ModeKeys.TRAIN": 100.0}, "phase_time": {}, "general": {"Forward": 100.0}}, "Datapoints": 3547, "RuleParameters": "threshold:3\nmode:None\nn_outliers:10\nstddev:3"}