{"RuleTriggered": 129, "Violations": 1623, "Details": {"step_details": {"algo-1-26": {"step_stats": {"mean": 1.4072444202294057, "max": 2.373119, "p99": 1.9980834799999994, "p95": 1.727342999999999, "p50": 1.343067, "min": 0.632586}, "number_of_outliers": 25, "phase": "Step:ModeKeys.EVAL", "stddev": 0.15, "probs": [1, 1, 0, 0, 0, 0, 0, 0, 0, 0, 0, 0, 0, 0, 0, 0, 0, 0, 0, 0, 0, 0, 0, 0, 0, 0, 0, 0, 0, 0, 0, 0, 0, 0, 0, 0, 0, 0, 0, 0, 0, 0, 0, 0, 0, 0, 0, 0, 0, 0, 0, 0, 0, 0, 0, 11, 170, 286, 146, 38, 6, 12, 21, 16, 17, 19, 12, 24, 10, 9, 7, 9, 7, 10, 9, 5, 4, 6, 10, 8, 2, 4, 3, 3, 7, 3, 7, 2, 4, 2, 2, 3, 2, 1, 2, 1, 2, 4, 2, 4], "binedges": [0.632586, 0.64481793, 0.65704986, 0.66928179, 0.68151372, 0.69374565, 0.70597758, 0.71820951, 0.73044144, 0.74267337, 0.7549053, 0.76713723, 0.77936916, 0.79160109, 0.80383302, 0.81606495, 0.82829688, 0.84052881, 0.85276074, 0.86499267, 0.8772246, 0.88945653, 0.90168846, 0.91392039, 0.92615232, 0.93838425, 0.95061618, 0.96284811, 0.97508004, 0.98731197, 0.9995439, 1.01177583, 1.02400776, 1.03623969, 1.04847162, 1.06070355, 1.07293548, 1.08516741, 1.09739934, 1.10963127, 1.1218632, 1.13409513, 1.14632706, 1.15855899, 1.17079092, 1.18302285, 1.19525478, 1.20748671, 1.21971864, 1.23195057, 1.2441825, 1.25641443, 1.26864636, 1.28087829, 1.29311022, 1.30534215, 1.31757408, 1.32980601, 1.34203794, 1.35426987, 1.3665018, 1.37873373, 1.39096566, 1.40319759, 1.41542952, 1.42766145, 1.43989338, 1.45212531, 1.46435724, 1.47658917, 1.4888211, 1.50105303, 1.51328496, 1.52551689, 1.53774882, 1.54998075, 1.56221268, 1.57444461, 1.58667654, 1.59890847, 1.6111404, 1.62337233, 1.63560426, 1.64783619, 1.66006812, 1.67230005, 1.68453198, 1.69676391, 1.70899584, 1.72122777, 1.7334597, 1.74569163, 1.75792356, 1.77015549, 1.78238742, 1.79461935, 1.80685128, 1.81908321, 1.83131514, 1.84354707, 1.855779], "step_numbers": ["18", "101", "140", "183", "224", "305", "319", "322", "360", "362", "401", "404", "444", "445", "487", "526", "567", "568", "608", "649", "650", "692", "733", "773", "855"]}}, "ratio": {}, "phase": {"Step:ModeKeys.EVAL": 100.0}, "phase_time": {}, "general": {"Forward": 100.0}}, "Datapoints": 4178, "RuleParameters": "threshold:3\nmode:None\nn_outliers:10\nstddev:3"}