{"RuleTriggered": 0, "Violations": 0, "Details": {"step_num": {"first": 1642936796086604, "last": 1642944358922642}, "job_start": 1642936740.229446, "job_end": 1642944359.729581}, "Datapoints": 3547, "RuleParameters": "threshold:20"}